Máquina,Processos,Tempo
1x8,1,0.0233994
1x8,2,0.0136204
1x8,4,0.00886997
1x8,6,0.00728679
1x8,8,0.0170909
2x4,1,0.0216791
2x4,2,0.0127107
2x4,4,0.00854991
2x4,6,0.0574104
2x4,8,0.0778546